question_id,question,answer,accuracy,relevance,conciseness,helpfulness,overall
1,Tên người nộp thuế và mã số thuế trong tờ khai thuế GTGT Mẫu số 01/GTGT là gì?,"Tên người nộp thuế là: CÔNG TY CỔ PHẦN DHA SURFACES.  
Mã số thuế là: 0106769437.",5,5,5,5,5
2,Thuế giá trị gia tăng phải nộp của hoạt động sản xuất kinh doanh trong kỳ 4 năm 2024 là bao nhiêu?,Thuế giá trị gia tăng phải nộp của hoạt động sản xuất kinh doanh trong kỳ 4 năm 2024 là 52.133.830 đồng.,5,5,5,5,5
3,Nghị định 13/2023/NĐ-CP áp dụng đối với những đối tượng nào?,"Nghị định 13/2023/NĐ-CP áp dụng đối với các đối tượng sau:

1. Cơ quan, tổ chức, cá nhân Việt Nam.
2. Cơ quan, tổ chức, cá nhân nước ngoài tại Việt Nam.
3. Cơ quan, tổ chức, cá nhân Việt Nam hoạt động tại nước ngoài.
4. Cơ quan, tổ chức, cá nhân nước ngoài trực tiếp tham gia hoặc có liên quan đến hoạt động xử lý dữ liệu cá nhân tại Việt Nam.",5,5,4,5,4.75
4,"Theo Nghị định bảo vệ dữ liệu cá nhân, dữ liệu cá nhân cơ bản bao gồm những gì liên quan đến giấy tờ tùy thân?","Dữ liệu cá nhân cơ bản liên quan đến giấy tờ tùy thân bao gồm:

- Số chứng minh nhân dân
- Số định danh cá nhân
- Số hộ chiếu
- Số giấy phép lái xe
- Số biển số xe
- Số mã số thuế cá nhân
- Số bảo hiểm xã hội
- Số thẻ bảo hiểm y tế.",4,5,3,5,4.25
5,Kỳ tính thuế của Tờ khai thuế giá trị gia tăng Mẫu số 01/GTGT của công ty DHA Surfaces là khi nào?,Kỳ tính thuế của Tờ khai thuế giá trị gia tăng Mẫu số 01/GTGT của công ty DHA Surfaces là Quý 4 năm 2024.,5,5,5,5,5
6,"Hàng hóa, dịch vụ mua vào chịu thuế suất 10% có giá trị chưa thuế là bao nhiêu?","Hàng hóa, dịch vụ mua vào chịu thuế suất 10% có giá trị chưa thuế là 2.405.743.241 đồng.",5,5,5,5,5
7,"Tổng doanh thu và thuế giá trị gia tăng của hàng hóa, dịch vụ bán ra trong kỳ tính thuế là bao nhiêu?","Tổng doanh thu và thuế giá trị gia tăng của hàng hóa, dịch vụ bán ra trong kỳ tính thuế là 3.703.688.610 đồng và 345.675.440 đồng.",5,5,5,5,5
8,Số tiền Thuế giá trị gia tăng còn được khấu trừ kỳ trước chuyển sang là bao nhiêu?,Số tiền Thuế giá trị gia tăng còn được khấu trừ kỳ trước chuyển sang là 77.377.803 đồng.,5,5,5,5,5
9,Thuế giá trị gia tăng phát sinh trong kỳ của công ty DHA Surfaces được tính ra bao nhiêu và dựa trên công thức nào?,"Thuế giá trị gia tăng phát sinh trong kỳ của công ty Cổ phần DHA Surfaces là 129.511.633 đồng. 

Công thức tính thuế giá trị gia tăng phát sinh trong kỳ là:
\[ [36] = [35] - [25] \]
Trong đó:
- [35] là tổng thuế giá trị gia tăng của hàng hóa, dịch vụ bán ra (345.675.440 đồng).
- [25] là thuế giá trị gia tăng còn được khấu trừ (216.163.807 đồng). 

Do đó, thuế giá trị gia tăng phát sinh trong kỳ được tính như sau:
\[ 345.675.440 - 216.163.807 = 129.511.633 \]",5,5,4,5,4.75
10,Ai là người đại diện ký tờ khai thuế giá trị gia tăng này và ngày ký là ngày nào?,"Người đại diện ký tờ khai thuế giá trị gia tăng là Trịnh Thị Sang, và ngày ký là ngày 24 tháng 01 năm 2025.",5,5,4,5,4.75
11,Nghị định bảo vệ dữ liệu cá nhân số 13/2023/NĐ-CP được ban hành vào ngày tháng năm nào?,Nghị định bảo vệ dữ liệu cá nhân số 13/2023/NĐ-CP được ban hành vào ngày 17 tháng 4 năm 2023.,5,5,4,5,4.75
12,Dữ liệu cá nhân được phân làm mấy loại chính theo quy định tại Nghị định 13?,"Dữ liệu cá nhân được phân làm hai loại chính theo quy định tại Nghị định 13: 

1. Dữ liệu cá nhân cơ bản.
2. Dữ liệu cá nhân nhạy cảm.",5,5,5,5,5
13,Thông tin về nhóm máu có được coi là dữ liệu cá nhân nhạy cảm theo Nghị định 13 không?,"Thông tin về nhóm máu không được coi là dữ liệu cá nhân nhạy cảm theo Nghị định 13, vì nó không nằm trong danh sách các loại dữ liệu cá nhân nhạy cảm được quy định tại khoản 1 Điều 4.",5,5,5,5,5
14,Bên Xử lý dữ liệu cá nhân được định nghĩa như thế nào trong Nghị định 13?,"Bên Xử lý dữ liệu cá nhân được định nghĩa là tổ chức, cá nhân thực hiện việc xử lý dữ liệu thay mặt cho Bên Kiểm soát dữ liệu, thông qua một hợp đồng hoặc thỏa thuận với Bên Kiểm soát dữ liệu.",5,5,5,5,5
15,Thế nào là Xử lý dữ liệu cá nhân tự động?,"Xử lý dữ liệu cá nhân tự động là hình thức xử lý dữ liệu cá nhân được thực hiện bằng phương tiện điện tử nhằm đánh giá, phân tích, dự đoán hoạt động của một người cụ thể, như: thói quen, sở thích, mức độ tin cậy, hành vi, địa điểm, xu hướng, năng lực và các trường hợp khác.",5,5,4,5,4.75
16,"Theo Nghị định 13, khi nào thì hoạt động xử lý dữ liệu được coi là chuyển dữ liệu cá nhân ra nước ngoài?","Hoạt động xử lý dữ liệu được coi là chuyển dữ liệu cá nhân ra nước ngoài khi dữ liệu cá nhân của công dân Việt Nam được sử dụng không gian mạng, thiết bị, phương tiện điện tử hoặc các hình thức khác để chuyển tới một địa điểm ngoài lãnh thổ của nước Cộng hòa xã hội chủ nghĩa Việt Nam hoặc sử dụng một địa điểm nằm ngoài lãnh thổ của nước này để xử lý dữ liệu cá nhân.",5,5,4,5,4.75
17,Hãy liệt kê các hành vi bị nghiêm cấm trong hoạt động bảo vệ dữ liệu cá nhân theo Điều 8.,"Các hành vi bị nghiêm cấm trong hoạt động bảo vệ dữ liệu cá nhân theo Điều 8 bao gồm:

1. Xử lý dữ liệu cá nhân trái với quy định của pháp luật về bảo vệ dữ liệu cá nhân.
2. Xử lý dữ liệu cá nhân để tạo ra thông tin, dữ liệu nhằm chống lại Nhà nước Cộng hòa xã hội chủ nghĩa Việt Nam.
3. Xử lý dữ liệu cá nhân để tạo ra thông tin, dữ liệu gây ảnh hưởng tới an ninh quốc gia, trật tự an toàn xã hội, quyền và lợi ích hợp pháp của tổ chức, cá nhân khác.
4. Cản trở hoạt động bảo vệ dữ liệu cá nhân của cơ quan có thẩm quyền.
5. Lợi dụng hoạt động bảo vệ dữ liệu cá nhân để vi phạm pháp luật.",5,5,4,5,4.75
18,Nội dung quản lý nhà nước về bảo vệ dữ liệu cá nhân do cơ quan nào thống nhất quản lý và bao gồm những việc chính nào?,"Nội dung quản lý nhà nước về bảo vệ dữ liệu cá nhân do Chính phủ thống nhất quản lý. Nội dung này bao gồm:

1. Trình cơ quan nhà nước có thẩm quyền ban hành hoặc ban hành theo thẩm quyền văn bản quy phạm pháp luật và chỉ đạo, tổ chức thực hiện văn bản quy phạm pháp luật về bảo vệ dữ liệu cá nhân.
2. Hướng dẫn, triển khai hoạt động bảo vệ dữ liệu cá nhân, bảo vệ quyền của chủ thể dữ liệu trước các hành vi vi phạm quy định của pháp luật về bảo vệ dữ liệu cá nhân, đề xuất ban hành Tiêu chuẩn bảo vệ dữ liệu cá nhân và các khuyến nghị áp dụng.
3. Xây dựng, quản lý, vận hành Công thông tin quốc gia về bảo vệ dữ liệu cá nhân.
4. Đánh giá kết quả công tác bảo vệ dữ liệu cá nhân của cơ quan, tổ chức, cá nhân có liên quan.
5. Tiếp nhận hồ sơ, biểu mẫu, thông tin về bảo vệ dữ liệu cá nhân theo quy định.
6. Thúc đẩy các biện pháp và thực hiện nghiên cứu để đổi mới trong lĩnh vực bảo vệ dữ liệu cá nhân, triển khai hợp tác quốc tế về bảo vệ dữ liệu cá nhân.",5,5,3,5,4.5
19,Thông tin khách hàng của các tổ chức tín dụng có thuộc nhóm dữ liệu cá nhân nhạy cảm không? Bao gồm những thông tin gì?,"Thông tin khách hàng của các tổ chức tín dụng không thuộc nhóm dữ liệu cá nhân nhạy cảm. Thông tin này bao gồm: thông tin định danh khách hàng theo quy định của pháp luật, thông tin về tài khoản, thông tin về tiền gửi, thông tin về tài sản gửi, thông tin về giao dịch, thông tin về tổ chức, cá nhân là bên bảo đảm tại tổ chức tín dụng, chi nhánh ngân hàng, tổ chức cung ứng dịch vụ trung gian thanh toán.",1,4,3,2,2.5
20,Việc mua bán dữ liệu cá nhân có được pháp luật cho phép không?,"Việc mua, bán dữ liệu cá nhân không được phép dưới mọi hình thức, trừ trường hợp luật có quy định khác (Điều 23, khoản 4).",5,5,5,5,5
21,"Trong tài liệu BCTC.md, đoạn nói về 'TỜ KHAI THUẾ GIÁ TRỊ GIA TĂNG MẪU' trình bày nội dung chính gì?","Nội dung chính của 'TỜ KHAI THUẾ GIÁ TRỊ GIA TĂNG MẪU' trong tài liệu BCTC.md bao gồm thông tin về người nộp thuế, kỳ tính thuế, các chỉ tiêu liên quan đến giá trị hàng hóa, dịch vụ mua vào và bán ra, thuế giá trị gia tăng phát sinh trong kỳ, và nghĩa vụ thuế giá trị gia tăng phải nộp. Cụ thể, tài liệu ghi nhận các số liệu như giá trị hàng hóa, thuế giá trị gia tăng còn được khấu trừ, và tổng thuế giá trị gia tăng phải nộp trong kỳ là 52.133.830 đồng.",5,5,4,5,4.75
22,"Trong tài liệu BCTC.md, đoạn nói về '04 Tên người nộp thuế CÔNG TY CỔ' trình bày nội dung chính gì?","Đoạn nói về '04 Tên người nộp thuế CÔNG TY CỔ' trong tài liệu BCTC.md trình bày thông tin về tên người nộp thuế là ""CÔNG TY CỔ PHẦN DHA SURFACES"" và mã số thuế là ""0106769437"".",5,5,4,5,4.75
23,"Trong tài liệu BCTC.md, đoạn nói về 'NGƯỜI NỘP THUẾ hoặc ĐẠI DIỆN HỢP PHÁP' trình bày nội dung chính gì?","Trong tài liệu BCTC.md, đoạn nói về 'NGƯỜI NỘP THUẾ hoặc ĐẠI DIỆN HỢP PHÁP' trình bày rằng người nộp thuế là Trịnh Thị Sang, ký điện tử bởi Công ty Cổ phần DHA Surfaces, và cam đoan rằng số liệu khai trên là đúng, chịu trách nhiệm trước pháp luật về số liệu đã khai. Ngày ký là 24 tháng 01 năm 2025.",3,4,3,4,3.5
24,"Trong tài liệu Nghi_dinh_so_13.md, đoạn nói về 'Căn cứ Luật Tổ chức Chính phủ ngày' trình bày nội dung chính gì?","Đoạn nói về 'Căn cứ Luật Tổ chức Chính phủ ngày' trong tài liệu Nghi_dinh_so_13.md trình bày rằng Nghị định này được ban hành dựa trên các căn cứ pháp lý, bao gồm Luật Tổ chức Chính phủ ngày 19 tháng 6 năm 2015 và các luật sửa đổi, bổ sung liên quan. Điều này xác định cơ sở pháp lý cho việc ban hành Nghị định bảo vệ dữ liệu cá nhân.",5,5,4,5,4.75
25,"Trong tài liệu Nghi_dinh_so_13.md, đoạn nói về '1 Nghị định này quy định về bảo' trình bày nội dung chính gì?","Đoạn nói về ""1 Nghị định này quy định về bảo"" trong tài liệu Nghi_dinh_so_13.md trình bày nội dung chính là quy định về bảo vệ dữ liệu cá nhân và trách nhiệm bảo vệ dữ liệu cá nhân của cơ quan, tổ chức, cá nhân có liên quan.",5,5,4,5,4.75
26,"Trong tài liệu Nghi_dinh_so_13.md, đoạn nói về '2 Nghị định này áp dụng đối với' trình bày nội dung chính gì?","Đoạn ""2 Nghị định này áp dụng đối với"" trong tài liệu Nghi_dinh_so_13.md trình bày nội dung chính về đối tượng áp dụng của Nghị định, bao gồm: 

a) Cơ quan, tổ chức, cá nhân Việt Nam;  
b) Cơ quan, tổ chức, cá nhân nước ngoài tại Việt Nam;  
c) Cơ quan, tổ chức, cá nhân Việt Nam hoạt động tại nước ngoài;  
d) Cơ quan, tổ chức, cá nhân nước ngoài trực tiếp tham gia hoặc có liên quan đến hoạt động xử lý dữ liệu cá nhân tại Việt Nam.",5,5,4,5,4.75
27,"Trong tài liệu Nghi_dinh_so_13.md, đoạn nói về '1 Dữ liệu cá nhân là thông tin' trình bày nội dung chính gì?","Đoạn nói về '1 Dữ liệu cá nhân là thông tin' trong tài liệu Nghị định này trình bày rằng dữ liệu cá nhân là thông tin dưới dạng ký hiệu, chữ viết, chữ số, hình ảnh, âm thanh hoặc dạng tương tự trên môi trường điện tử gắn li với một con người cụ thể hoặc giúp xác định một con người cụ thể. Dữ liệu cá nhân bao gồm dữ liệu cá nhân cơ bản và dữ liệu cá nhân nhạy cảm.",5,5,4,5,4.75
28,"Trong tài liệu Nghi_dinh_so_13.md, đoạn nói về '2 Thông tin giúp xác định một con' trình bày nội dung chính gì?","Đoạn về ""Thông tin giúp xác định một con người cụ thể"" trong Nghị định nêu rõ rằng đây là thông tin hình thành từ hoạt động của cá nhân, và khi kết hợp với các dữ liệu, thông tin lưu trữ khác, có thể xác định một con người cụ thể.",5,5,4,5,4.75
29,"Trong tài liệu Nghi_dinh_so_13.md, đoạn nói về '3 Dữ liệu cá nhân cơ bản bao' trình bày nội dung chính gì?","Đoạn về '3 Dữ liệu cá nhân cơ bản' trình bày các loại thông tin được coi là dữ liệu cá nhân cơ bản, bao gồm: họ tên, ngày sinh, giới tính, nơi sinh, quốc tịch, hình ảnh, số điện thoại, số chứng minh nhân dân, tình trạng hôn nhân, thông tin về mối quan hệ gia đình, thông tin tài khoản cá nhân, dữ liệu hoạt động trên không gian mạng, và các thông tin khác giúp xác định một con người cụ thể.",5,5,4,5,4.75
30,"Trong tài liệu Nghi_dinh_so_13.md, đoạn nói về '4 Dữ liệu cá nhân nhạy cảm là' trình bày nội dung chính gì?","Đoạn về 'Dữ liệu cá nhân nhạy cảm' trong tài liệu Nghị định số 13 trình bày các loại dữ liệu cá nhân nhạy cảm, bao gồm:

a) Quan điểm chính trị, quan điểm tôn giáo;  
b) Tình trạng sức khỏe và đời tư trong hồ sơ bệnh án (không bao gồm thông tin về nhóm máu);  
c) Thông tin về nguồn gốc chủng tộc, nguồn gốc dân tộc;  
d) Thông tin về đặc điểm di truyền;  
e) Thông tin về thuộc tính vật lý, đặc điểm sinh học;  
f) Thông tin về đời sống tình dục, xu hướng tình dục;  
g) Dữ liệu về tội phạm, hành vi phạm tội.  

Các loại dữ liệu này khi bị xâm phạm sẽ ảnh hưởng trực tiếp tới quyền và lợi ích hợp pháp của cá nhân.",3,4,3,4,3.5
