question_id,question,answer_a,answer_b,run1_winner,run1_reason,run2_winner,run2_reason,winner_after_swap,len_a,len_b
1,Tên người nộp thuế và mã số thuế trong tờ khai thuế GTGT Mẫu số 01/GTGT là gì?,# BCTC.pdf ## Trang 1,"Tên người nộp thuế là: CÔNG TY CỔ PHẦN DHA SURFACES.  
Mã số thuế là: 0106769437.",B,"Answer B provides a clear and direct response to the question, maintaining relevance and conciseness.",B,"Swapped order; normalized. Answer A provides the correct information in a clear and concise manner, while Answer B is irrelevant and does not address the question.",B,21,81
2,Thuế giá trị gia tăng phải nộp của hoạt động sản xuất kinh doanh trong kỳ 4 năm 2024 là bao nhiêu?,# BCTC.pdf ## Trang 1,Thuế giá trị gia tăng phải nộp của hoạt động sản xuất kinh doanh trong kỳ 4 năm 2024 là 52.133.830 đồng.,B,"Answer B directly answers the question with the correct information, while Answer A does not provide a clear answer.",B,"Swapped order; normalized. Answer A provides a clear and direct response to the question with the correct amount, while Answer B lacks relevant information and context.",B,21,104
3,Nghị định 13/2023/NĐ-CP áp dụng đối với những đối tượng nào?,# Nghi_dinh_so_13-2023_ve_bao_ve_du_lieu_ca_nhan_508ee.pdf ## Trang 1,"Nghị định 13/2023/NĐ-CP áp dụng đối với các đối tượng sau:

1. Cơ quan, tổ chức, cá nhân Việt Nam.
2. Cơ quan, tổ chức, cá nhân nước ngoài tại Việt Nam.
3. Cơ quan, tổ chức, cá nhân Việt Nam hoạt động tại nước ngoài.
4. Cơ quan, tổ chức, cá nhân nước ngoài trực tiếp tham gia hoặc có liên quan đến hoạt động xử lý dữ liệu cá nhân tại Việt Nam.",B,"Answer B provides a clear and complete list of the subjects to which the decree applies, matching the reference answer, while Answer A lacks relevant content.",B,"Swapped order; normalized. Answer A provides a clear and complete list of the subjects to which the decree applies, matching the reference answer, while Answer B lacks relevant content and context.",B,69,343
4,"Theo Nghị định bảo vệ dữ liệu cá nhân, dữ liệu cá nhân cơ bản bao gồm những gì liên quan đến giấy tờ tùy thân?","3. Dữ liệu cá nhân cơ bản bao gồm: a) Họ, chữ đệm và tên khai sinh, tên gọi khác (nếu có); b) Ngày, tháng, năm sinh; ngày, tháng, năm chết hoặc mất tích; c) Giới tính; d) Nơi sinh, nơi đăng ký khai sinh, nơi thường trú, nơi tạm trú, nơi ở hiện tại, quê quán, địa chỉ liên hệ; d) Quốc tịch; e) Hình ảnh của cá nhân; g) Số điện thoại, số chứng minh nhân dân, số định danh cá nhân, số hộ chiếu, số giấy phép lái xe, số biển số xe, số mã số thuế cá nhân, số bảo hiểm xã hội, số thẻ bảo hiểm y tế; h) Tình trạng hôn nhân; i) Thông tin về mối quan hệ gia đình (cha mẹ, con cái); k) Thông tin về tài khoản số của cá nhân; dữ liệu cá nhân phản ánh hoạt động, lịch sử hoạt động trên không gian mạng; l) Các thông tin khác gắn liên với một con người cụ thể hoặc giúp xác định một con người cụ thể không thuộc quy định tại khoản 4 Điều này.","Dữ liệu cá nhân cơ bản liên quan đến giấy tờ tùy thân bao gồm:

- Số chứng minh nhân dân
- Số định danh cá nhân
- Số hộ chiếu
- Số giấy phép lái xe
- Số biển số xe
- Số mã số thuế cá nhân
- Số bảo hiểm xã hội
- Số thẻ bảo hiểm y tế.",A,"Answer A provides a more comprehensive list of personal data related to identification documents, including additional relevant details not mentioned in Answer B.",B,"Swapped order; normalized. Answer A provides a concise and accurate list of basic personal data related to identification documents, while Answer B includes excessive and irrelevant information.",tie,829,232
5,Kỳ tính thuế của Tờ khai thuế giá trị gia tăng Mẫu số 01/GTGT của công ty DHA Surfaces là khi nào?,# BCTC.pdf ## Trang 1,Kỳ tính thuế của Tờ khai thuế giá trị gia tăng Mẫu số 01/GTGT của công ty DHA Surfaces là Quý 4 năm 2024.,B,"Answer B provides a complete and accurate response to the question, while Answer A lacks context and does not directly answer the question.",B,"Swapped order; normalized. Answer A provides a direct and accurate response to the question, while Answer B does not address the question.",B,21,105
6,"Hàng hóa, dịch vụ mua vào chịu thuế suất 10% có giá trị chưa thuế là bao nhiêu?","| STT | Chỉ tiêu | Giá trị hàng hóa, dịch vụ (chưa có thuế giá trị gia tăng) | Thuế giá trị gia tăng | |-----|----------|----------------------------------------------------------|-----------------------| | A | Không phát sinh hoạt động mua, bán trong kỳ (đánh dấu ""X"") | [21] | [22] | | B | Thuế giá trị gia tăng còn được khấu trừ kỳ trước chuyển sang | | 77.377.803 | | C | Kê khai thuế giá trị gia tăng phải nộp ngân sách nhà nước | | | | I | Hàng hóa, dịch vụ mua vào trong kỳ | | | | 1 | Hàng hóa, dịch vụ mua vào chịu thuế giá trị gia tăng | | | | | a | Hàng hóa, dịch vụ mua vào chịu thuế suất 10% | 2.405.743.241 | 245.163.767 | | | b | Hàng hóa, dịch vụ mua vào chịu thuế suất 8% | | | | | c | Hàng hóa, dịch vụ mua vào chịu thuế suất 5% | | | | | d | Hàng hóa, dịch vụ mua vào không chịu thuế | | | | II | Hàng hóa, dịch vụ bán ra trong kỳ | | | | 1 | Hàng hóa, dịch vụ bán ra không chịu th","Hàng hóa, dịch vụ mua vào chịu thuế suất 10% có giá trị chưa thuế là 2.405.743.241 đồng.",B,"Answer B directly answers the question with the correct value, while Answer A provides excessive detail and formatting that detracts from the main answer.",B,"Swapped order; normalized. Answer A provides a direct and concise response to the question, while Answer B is overly detailed and includes unnecessary information.",B,900,88
7,"Tổng doanh thu và thuế giá trị gia tăng của hàng hóa, dịch vụ bán ra trong kỳ tính thuế là bao nhiêu?","| STT | Chỉ tiêu | Giá trị hàng hóa, dịch vụ (chưa có thuế giá trị gia tăng) | Thuế giá trị gia tăng | |-----|----------|----------------------------------------------------------|-----------------------| | A | Không phát sinh hoạt động mua, bán trong kỳ (đánh dấu ""X"") | [21] | [22] | | B | Thuế giá trị gia tăng còn được khấu trừ kỳ trước chuyển sang | | 77.377.803 | | C | Kê khai thuế giá trị gia tăng phải nộp ngân sách nhà nước | | | | I | Hàng hóa, dịch vụ mua vào trong kỳ | | | | 1 | Hàng hóa, dịch vụ mua vào chịu thuế giá trị gia tăng | | | | | a | Hàng hóa, dịch vụ mua vào chịu thuế suất 10% | 2.405.743.241 | 245.163.767 | | | b | Hàng hóa, dịch vụ mua vào chịu thuế suất 8% | | | | | c | Hàng hóa, dịch vụ mua vào chịu thuế suất 5% | | | | | d | Hàng hóa, dịch vụ mua vào không chịu thuế | | | | II | Hàng hóa, dịch vụ bán ra trong kỳ | | | | 1 | Hàng hóa, dịch vụ bán ra không chịu th","Tổng doanh thu và thuế giá trị gia tăng của hàng hóa, dịch vụ bán ra trong kỳ tính thuế là 3.703.688.610 đồng và 345.675.440 đồng.",B,"Answer B directly provides the total revenue and VAT, matching the reference answer, while Answer A is incomplete and lacks clarity.",B,"Swapped order; normalized. Answer A provides a clear and direct response to the question, accurately summarizing the total revenue and VAT without unnecessary details.",B,900,130
8,Số tiền Thuế giá trị gia tăng còn được khấu trừ kỳ trước chuyển sang là bao nhiêu?,"| STT | Chỉ tiêu | Giá trị hàng hóa, dịch vụ (chưa có thuế giá trị gia tăng) | Thuế giá trị gia tăng | |-----|----------|----------------------------------------------------------|-----------------------| | A | Không phát sinh hoạt động mua, bán trong kỳ (đánh dấu ""X"") | [21] | [22] | | B | Thuế giá trị gia tăng còn được khấu trừ kỳ trước chuyển sang | | 77.377.803 | | C | Kê khai thuế giá trị gia tăng phải nộp ngân sách nhà nước | | | | I | Hàng hóa, dịch vụ mua vào trong kỳ | | | | 1 | Hàng hóa, dịch vụ mua vào chịu thuế giá trị gia tăng | | | | | a | Hàng hóa, dịch vụ mua vào chịu thuế suất 10% | 2.405.743.241 | 245.163.767 | | | b | Hàng hóa, dịch vụ mua vào chịu thuế suất 8% | | | | | c | Hàng hóa, dịch vụ mua vào chịu thuế suất 5% | | | | | d | Hàng hóa, dịch vụ mua vào không chịu thuế | | | | II | Hàng hóa, dịch vụ bán ra trong kỳ | | | | 1 | Hàng hóa, dịch vụ bán ra không chịu th",Số tiền Thuế giá trị gia tăng còn được khấu trừ kỳ trước chuyển sang là 77.377.803 đồng.,B,"Answer B directly provides the correct amount in a clear and concise manner, matching the reference answer.",B,"Swapped order; normalized. Answer A directly provides the correct amount in a clear and concise manner, while Answer B includes excessive and irrelevant details.",B,900,88
9,Thuế giá trị gia tăng phát sinh trong kỳ của công ty DHA Surfaces được tính ra bao nhiêu và dựa trên công thức nào?,"| STT | Chỉ tiêu | Giá trị hàng hóa, dịch vụ (chưa có thuế giá trị gia tăng) | Thuế giá trị gia tăng | |-----|----------|----------------------------------------------------------|-----------------------| | A | Không phát sinh hoạt động mua, bán trong kỳ (đánh dấu ""X"") | [21] | [22] | | B | Thuế giá trị gia tăng còn được khấu trừ kỳ trước chuyển sang | | 77.377.803 | | C | Kê khai thuế giá trị gia tăng phải nộp ngân sách nhà nước | | | | I | Hàng hóa, dịch vụ mua vào trong kỳ | | | | 1 | Hàng hóa, dịch vụ mua vào chịu thuế giá trị gia tăng | | | | | a | Hàng hóa, dịch vụ mua vào chịu thuế suất 10% | 2.405.743.241 | 245.163.767 | | | b | Hàng hóa, dịch vụ mua vào chịu thuế suất 8% | | | | | c | Hàng hóa, dịch vụ mua vào chịu thuế suất 5% | | | | | d | Hàng hóa, dịch vụ mua vào không chịu thuế | | | | II | Hàng hóa, dịch vụ bán ra trong kỳ | | | | 1 | Hàng hóa, dịch vụ bán ra không chịu th","Thuế giá trị gia tăng phát sinh trong kỳ của công ty Cổ phần DHA Surfaces là 129.511.633 đồng. 

Công thức tính thuế giá trị gia tăng phát sinh trong kỳ là:
\[ [36] = [35] - [25] \]
Trong đó:
- [35] là tổng thuế giá trị gia tăng của hàng hóa, dịch vụ bán ra (345.675.440 đồng).
- [25] là thuế giá trị gia tăng còn được khấu trừ (216.163.807 đồng). 

Do đó, thuế giá trị gia tăng phát sinh trong kỳ được tính như sau:
\[ 345.675.440 - 216.163.807 = 129.511.633 \]",B,"Answer B provides a clear calculation and explanation of the VAT, including specific values for the components used in the formula, while Answer A lacks clarity and completeness.",B,"Swapped order; normalized. Answer A provides a clear calculation and explanation of the VAT, while Answer B is incomplete and lacks a direct answer to the question.",B,900,462
10,Ai là người đại diện ký tờ khai thuế giá trị gia tăng này và ngày ký là ngày nào?,# BCTC.pdf ## Trang 1,"Người đại diện ký tờ khai thuế giá trị gia tăng là Trịnh Thị Sang, và ngày ký là ngày 24 tháng 01 năm 2025.",B,"Answer B provides a complete and accurate response to the question, including the name and date, while Answer A lacks context and does not directly answer the question.",B,"Swapped order; normalized. Answer A provides a complete and accurate response to the question, while Answer B does not address the question.",B,21,107
11,Nghị định bảo vệ dữ liệu cá nhân số 13/2023/NĐ-CP được ban hành vào ngày tháng năm nào?,# Nghi_dinh_so_13-2023_ve_bao_ve_du_lieu_ca_nhan_508ee.pdf ## Trang 1,Nghị định bảo vệ dữ liệu cá nhân số 13/2023/NĐ-CP được ban hành vào ngày 17 tháng 4 năm 2023.,B,"Answer B provides the correct date directly in response to the question, while Answer A does not answer the question.",B,"Swapped order; normalized. Answer A provides the correct date in a clear and concise manner, while Answer B does not answer the question directly.",B,69,93
12,Dữ liệu cá nhân được phân làm mấy loại chính theo quy định tại Nghị định 13?,"2. Nghị định này áp dụng đối với: a) Cơ quan, tổ chức, cá nhân Việt Nam; b) Cơ quan, tổ chức, cá nhân nước ngoài tại Việt Nam; c) Cơ quan, tổ chức, cá nhân Việt Nam hoạt động tại nước ngoài; d) Cơ quan, tổ chức, cá nhân nước ngoài trực tiếp tham gia hoặc có liên quan đến hoạt động xử lý dữ liệu cá nhân tại Việt Nam.","Dữ liệu cá nhân được phân làm hai loại chính theo quy định tại Nghị định 13: 

1. Dữ liệu cá nhân cơ bản.
2. Dữ liệu cá nhân nhạy cảm.",B,"Answer B correctly identifies the two main types of personal data as per the regulation, while Answer A does not address the question.",B,"Swapped order; normalized. Answer A correctly identifies the two main types of personal data as per the regulation, while Answer B is irrelevant to the question.",B,317,134
13,Thông tin về nhóm máu có được coi là dữ liệu cá nhân nhạy cảm theo Nghị định 13 không?,6. Sự im lặng hoặc không phản hồi của chủ thể dữ liệu không được coi là sự đồng ý.,"Thông tin về nhóm máu không được coi là dữ liệu cá nhân nhạy cảm theo Nghị định 13, vì nó không nằm trong danh sách các loại dữ liệu cá nhân nhạy cảm được quy định tại khoản 1 Điều 4.",B,"Answer B directly addresses the question and provides a clear explanation based on legal references, while Answer A is unrelated.",B,"Swapped order; normalized. Answer A directly addresses the question and provides a clear explanation based on the legal framework, while Answer B is irrelevant to the question.",B,82,183
14,Bên Xử lý dữ liệu cá nhân được định nghĩa như thế nào trong Nghị định 13?,"7. Xử lý dữ liệu cá nhân là một hoặc nhiều hoạt động tác động tới dữ liệu cá nhân, như: thu thập, ghi, phân tích, xác nhận, lưu trữ, chỉnh sửa, công khai, kết hợp, truy cập, truy xuất, thụ hỏi, mã hóa, giải mã, sao chép, chia sẻ, truyền đưa, cung cấp, chuyển giao, xóa, hủy dữ liệu cá nhân hoặc các hành động khác có liên quan.","Bên Xử lý dữ liệu cá nhân được định nghĩa là tổ chức, cá nhân thực hiện việc xử lý dữ liệu thay mặt cho Bên Kiểm soát dữ liệu, thông qua một hợp đồng hoặc thỏa thuận với Bên Kiểm soát dữ liệu.",B,"Answer B directly restates the definition from the reference answer, while Answer A provides a broader explanation of data processing activities without addressing the specific definition requested.",B,"Swapped order; normalized. Answer A directly defines the data processor as per the regulation, while Answer B discusses data processing activities without addressing the specific definition requested.",B,327,192
15,Thế nào là Xử lý dữ liệu cá nhân tự động?,## Trang 4 12.,"Xử lý dữ liệu cá nhân tự động là hình thức xử lý dữ liệu cá nhân được thực hiện bằng phương tiện điện tử nhằm đánh giá, phân tích, dự đoán hoạt động của một người cụ thể, như: thói quen, sở thích, mức độ tin cậy, hành vi, địa điểm, xu hướng, năng lực và các trường hợp khác.",B,"Answer B provides a complete and accurate definition, closely matching the reference answer, while Answer A is irrelevant.",B,"Swapped order; normalized. Answer A provides a complete and accurate definition, while Answer B is irrelevant and lacks content.",B,14,274
16,"Theo Nghị định 13, khi nào thì hoạt động xử lý dữ liệu được coi là chuyển dữ liệu cá nhân ra nước ngoài?","d) Mô tả và làm rõ loại dữ liệu cá nhân chuyển ra nước ngoài; e) Mô tả và nếu có sự tuân thủ quy định bảo vệ dữ liệu cá nhân tại Nghị định này, chi tiết các biện pháp bảo vệ dữ liệu cá nhân được áp dụng;","Hoạt động xử lý dữ liệu được coi là chuyển dữ liệu cá nhân ra nước ngoài khi dữ liệu cá nhân của công dân Việt Nam được sử dụng không gian mạng, thiết bị, phương tiện điện tử hoặc các hình thức khác để chuyển tới một địa điểm ngoài lãnh thổ của nước Cộng hòa xã hội chủ nghĩa Việt Nam hoặc sử dụng một địa điểm nằm ngoài lãnh thổ của nước này để xử lý dữ liệu cá nhân.",B,"Answer B provides a clear and accurate explanation of when data processing is considered transferring personal data abroad, aligning closely with the reference answer.",B,"Swapped order; normalized. Answer A accurately describes the conditions under which personal data is considered transferred abroad, aligning closely with the reference answer, while Answer B does not directly address the question.",B,203,368
17,Hãy liệt kê các hành vi bị nghiêm cấm trong hoạt động bảo vệ dữ liệu cá nhân theo Điều 8.,"4. Tổ chức các cuộc gặp song phương, đa phương, trao đổi kinh nghiệm xây dựng pháp luật và thực tiễn bảo vệ dữ liệu cá nhân.","Các hành vi bị nghiêm cấm trong hoạt động bảo vệ dữ liệu cá nhân theo Điều 8 bao gồm:

1. Xử lý dữ liệu cá nhân trái với quy định của pháp luật về bảo vệ dữ liệu cá nhân.
2. Xử lý dữ liệu cá nhân để tạo ra thông tin, dữ liệu nhằm chống lại Nhà nước Cộng hòa xã hội chủ nghĩa Việt Nam.
3. Xử lý dữ liệu cá nhân để tạo ra thông tin, dữ liệu gây ảnh hưởng tới an ninh quốc gia, trật tự an toàn xã hội, quyền và lợi ích hợp pháp của tổ chức, cá nhân khác.
4. Cản trở hoạt động bảo vệ dữ liệu cá nhân của cơ quan có thẩm quyền.
5. Lợi dụng hoạt động bảo vệ dữ liệu cá nhân để vi phạm pháp luật.",B,"Answer B accurately lists the prohibited behaviors as per the question, while Answer A provides irrelevant information.",B,"Swapped order; normalized. Answer A accurately lists the prohibited behaviors related to personal data protection as per Article 8, while Answer B is irrelevant to the question.",B,124,589
18,Nội dung quản lý nhà nước về bảo vệ dữ liệu cá nhân do cơ quan nào thống nhất quản lý và bao gồm những việc chính nào?,"8. Bên Kiểm soát dữ liệu, Bên Kiểm soát và xử lý dữ liệu cá nhân phải chịu trách nhiệm tuân thủ các nguyên tắc xử lý dữ liệu được quy định tại khoản 1 Điều này và chứng minh sự tuân thủ của mình với các nguyên tắc xử lý dữ liệu đó.","Nội dung quản lý nhà nước về bảo vệ dữ liệu cá nhân do Chính phủ thống nhất quản lý. Nội dung này bao gồm:

1. Trình cơ quan nhà nước có thẩm quyền ban hành hoặc ban hành theo thẩm quyền văn bản quy phạm pháp luật và chỉ đạo, tổ chức thực hiện văn bản quy phạm pháp luật về bảo vệ dữ liệu cá nhân.
2. Hướng dẫn, triển khai hoạt động bảo vệ dữ liệu cá nhân, bảo vệ quyền của chủ thể dữ liệu trước các hành vi vi phạm quy định của pháp luật về bảo vệ dữ liệu cá nhân, đề xuất ban hành Tiêu chuẩn bảo vệ dữ liệu cá nhân và các khuyến nghị áp dụng.
3. Xây dựng, quản lý, vận hành Công thông tin quốc gia về bảo vệ dữ liệu cá nhân.
4. Đánh giá kết quả công tác bảo vệ dữ liệu cá nhân của cơ quan, tổ chức, cá nhân có liên quan.
5. Tiếp nhận hồ sơ, biểu mẫu, thông tin về bảo vệ dữ liệu cá nhân theo quy định.
6. Thúc đẩy các biện pháp và thực hiện nghiên cứu để đổi mới trong lĩnh vực bảo vệ dữ liệu cá nhân, triển khai hợp tác quốc tế về bảo vệ dữ liệu cá nhân.",B,"Answer B provides a comprehensive and detailed response that aligns closely with the reference answer, covering multiple aspects of state management in personal data protection.",B,"Swapped order; normalized. Answer A provides a comprehensive and detailed response that aligns closely with the reference answer, covering key aspects of state management of personal data protection, while Answer B is irrelevant and lacks context.",B,231,957
19,Thông tin khách hàng của các tổ chức tín dụng có thuộc nhóm dữ liệu cá nhân nhạy cảm không? Bao gồm những thông tin gì?,"4. Dữ liệu cá nhân nhạy cảm là dữ liệu cá nhân gắn liên với quyền riêng tư của cá nhân mà khi bị xâm phạm sẽ gây ảnh hưởng trực tiếp tới quyền và lợi ích hợp pháp của cá nhân gồm: a) Quan điểm chính trị, quan điểm tôn giáo; b) Tình trạng sức khỏe và đời tư được ghi trong hồ sơ bệnh án, không bao gồm thông tin về nhóm máu;","Thông tin khách hàng của các tổ chức tín dụng không thuộc nhóm dữ liệu cá nhân nhạy cảm. Thông tin này bao gồm: thông tin định danh khách hàng theo quy định của pháp luật, thông tin về tài khoản, thông tin về tiền gửi, thông tin về tài sản gửi, thông tin về giao dịch, thông tin về tổ chức, cá nhân là bên bảo đảm tại tổ chức tín dụng, chi nhánh ngân hàng, tổ chức cung ứng dịch vụ trung gian thanh toán.",B,"Answer B correctly states that customer information from credit institutions does not belong to sensitive personal data, while Answer A provides irrelevant information about sensitive data categories.",A,"Swapped order; normalized. Answer B provides a broader definition of sensitive personal data, while Answer A incorrectly states that customer information is not sensitive.",tie,323,404
20,Việc mua bán dữ liệu cá nhân có được pháp luật cho phép không?,"3. Tổ chức, cá nhân kinh doanh dịch vụ tiếp thị, giới thiệu sản phẩm quảng cáo có trách nhiệm chứng minh việc sử dụng dữ liệu cá nhân của khách hàng được giới thiệu sản phẩm đúng với quy định tại khoản 1 và khoản 2 Điều này.","Việc mua, bán dữ liệu cá nhân không được phép dưới mọi hình thức, trừ trường hợp luật có quy định khác (Điều 23, khoản 4).",B,"Answer B directly restates the reference answer and cites a legal provision, ensuring factual accuracy and relevance.",B,"Swapped order; normalized. Answer A directly addresses the legality of buying and selling personal data, aligning closely with the reference answer, while Answer B provides unrelated information about marketing responsibilities.",B,224,122
21,"Trong tài liệu BCTC.md, đoạn nói về 'TỜ KHAI THUẾ GIÁ TRỊ GIA TĂNG MẪU' trình bày nội dung chính gì?",# BCTC.pdf ## Trang 1,"Nội dung chính của 'TỜ KHAI THUẾ GIÁ TRỊ GIA TĂNG MẪU' trong tài liệu BCTC.md bao gồm thông tin về người nộp thuế, kỳ tính thuế, các chỉ tiêu liên quan đến giá trị hàng hóa, dịch vụ mua vào và bán ra, thuế giá trị gia tăng phát sinh trong kỳ, và nghĩa vụ thuế giá trị gia tăng phải nộp. Cụ thể, tài liệu ghi nhận các số liệu như giá trị hàng hóa, thuế giá trị gia tăng còn được khấu trừ, và tổng thuế giá trị gia tăng phải nộp trong kỳ là 52.133.830 đồng.",B,"Answer B provides a comprehensive overview of the main content of the tax declaration, including specific details about the taxpayer, tax period, and relevant figures, making it more informative and relevant.",B,"Swapped order; normalized. Answer A provides a detailed and relevant summary of the main content of the tax declaration, including specific information about the taxpayer and tax obligations, while Answer B is incomplete and lacks relevant information.",B,21,455
22,"Trong tài liệu BCTC.md, đoạn nói về '04 Tên người nộp thuế CÔNG TY CỔ' trình bày nội dung chính gì?",[04] Tên người nộp thuế: CÔNG TY CỔ PHẦN DHA SURFACES [05] Mã số thuế: 0106769437 [06] Tên đại lý thuế (nếu có): [07] Mã số thuế: Ngày: [08] Hợp đồng đại lý thuế số: [09] Tên công ty/đại lý thuế/điểm kinh doanh của hoạt động sản xuất kinh doanh khác tính nơi đóng trụ sở chính: [10] Mã số thuế đơn vị phụ thuộc/điểm kinh doanh: [11] Địa chỉ nơi có hoạt động sản xuất kinh doanh khác tính nơi đóng trụ sở chính: [11a] Phường/xã: [11b] Quận/Huyện: [11c] Tỉnh/Thành phố: Đơn vị tiền: đồng Việt Nam,"Đoạn nói về '04 Tên người nộp thuế CÔNG TY CỔ' trong tài liệu BCTC.md trình bày thông tin về tên người nộp thuế là ""CÔNG TY CỔ PHẦN DHA SURFACES"" và mã số thuế là ""0106769437"".",B,"Answer B provides a clear summary of the key information, while Answer A is a verbatim excerpt without interpretation.",B,"Swapped order; normalized. Answer A provides a concise summary of the key information, while Answer B includes excessive details that are not directly relevant to the question.",B,494,176
23,"Trong tài liệu BCTC.md, đoạn nói về 'NGƯỜI NỘP THUẾ hoặc ĐẠI DIỆN HỢP PHÁP' trình bày nội dung chính gì?",## Trang 2 Tôi cam đoan số liệu khai trên là đúng và chịu trách nhiệm trước pháp luật về số liệu đã khai./.,"Trong tài liệu BCTC.md, đoạn nói về 'NGƯỜI NỘP THUẾ hoặc ĐẠI DIỆN HỢP PHÁP' trình bày rằng người nộp thuế là Trịnh Thị Sang, ký điện tử bởi Công ty Cổ phần DHA Surfaces, và cam đoan rằng số liệu khai trên là đúng, chịu trách nhiệm trước pháp luật về số liệu đã khai. Ngày ký là 24 tháng 01 năm 2025.",B,"Answer B provides specific details about the taxpayer and the electronic signature, making it more relevant and grounded in the context of the question.",B,"Swapped order; normalized. Answer A provides specific details about the taxpayer, including their name, electronic signature, and the date, making it more accurate and relevant to the question.",B,107,299
24,"Trong tài liệu Nghi_dinh_so_13.md, đoạn nói về 'Căn cứ Luật Tổ chức Chính phủ ngày' trình bày nội dung chính gì?",# Nghi_dinh_so_13-2023_ve_bao_ve_du_lieu_ca_nhan_508ee.pdf ## Trang 1,"Đoạn nói về 'Căn cứ Luật Tổ chức Chính phủ ngày' trong tài liệu Nghi_dinh_so_13.md trình bày rằng Nghị định này được ban hành dựa trên các căn cứ pháp lý, bao gồm Luật Tổ chức Chính phủ ngày 19 tháng 6 năm 2015 và các luật sửa đổi, bổ sung liên quan. Điều này xác định cơ sở pháp lý cho việc ban hành Nghị định bảo vệ dữ liệu cá nhân.",B,"Answer B provides a clear and relevant summary of the legal basis mentioned in the document, while Answer A does not address the question.",B,"Swapped order; normalized. Answer A provides a clear and relevant summary of the legal basis mentioned in the document, while Answer B does not address the question directly and includes irrelevant information.",B,69,334
25,"Trong tài liệu Nghi_dinh_so_13.md, đoạn nói về '1 Nghị định này quy định về bảo' trình bày nội dung chính gì?",# Nghi_dinh_so_13-2023_ve_bao_ve_du_lieu_ca_nhan_508ee.pdf ## Trang 1,"Đoạn nói về ""1 Nghị định này quy định về bảo"" trong tài liệu Nghi_dinh_so_13.md trình bày nội dung chính là quy định về bảo vệ dữ liệu cá nhân và trách nhiệm bảo vệ dữ liệu cá nhân của cơ quan, tổ chức, cá nhân có liên quan.",B,"Answer B directly addresses the question and provides a clear summary of the content, while Answer A lacks context and does not answer the question.",B,"Swapped order; normalized. Answer A directly addresses the question with a clear and concise summary of the content, while Answer B does not provide a relevant response.",B,69,224
26,"Trong tài liệu Nghi_dinh_so_13.md, đoạn nói về '2 Nghị định này áp dụng đối với' trình bày nội dung chính gì?","2. Nghị định này áp dụng đối với: a) Cơ quan, tổ chức, cá nhân Việt Nam; b) Cơ quan, tổ chức, cá nhân nước ngoài tại Việt Nam; c) Cơ quan, tổ chức, cá nhân Việt Nam hoạt động tại nước ngoài; d) Cơ quan, tổ chức, cá nhân nước ngoài trực tiếp tham gia hoặc có liên quan đến hoạt động xử lý dữ liệu cá nhân tại Việt Nam.","Đoạn ""2 Nghị định này áp dụng đối với"" trong tài liệu Nghi_dinh_so_13.md trình bày nội dung chính về đối tượng áp dụng của Nghị định, bao gồm: 

a) Cơ quan, tổ chức, cá nhân Việt Nam;  
b) Cơ quan, tổ chức, cá nhân nước ngoài tại Việt Nam;  
c) Cơ quan, tổ chức, cá nhân Việt Nam hoạt động tại nước ngoài;  
d) Cơ quan, tổ chức, cá nhân nước ngoài trực tiếp tham gia hoặc có liên quan đến hoạt động xử lý dữ liệu cá nhân tại Việt Nam.",B,"Answer B provides a summary of the content and context, making it more informative and relevant.",B,"Swapped order; normalized. Answer A provides a clear summary of the content while maintaining relevance and conciseness, whereas Answer B is a direct repetition of the reference answer.",B,317,434
27,"Trong tài liệu Nghi_dinh_so_13.md, đoạn nói về '1 Dữ liệu cá nhân là thông tin' trình bày nội dung chính gì?","2. Nghị định này áp dụng đối với: a) Cơ quan, tổ chức, cá nhân Việt Nam; b) Cơ quan, tổ chức, cá nhân nước ngoài tại Việt Nam; c) Cơ quan, tổ chức, cá nhân Việt Nam hoạt động tại nước ngoài; d) Cơ quan, tổ chức, cá nhân nước ngoài trực tiếp tham gia hoặc có liên quan đến hoạt động xử lý dữ liệu cá nhân tại Việt Nam.","Đoạn nói về '1 Dữ liệu cá nhân là thông tin' trong tài liệu Nghị định này trình bày rằng dữ liệu cá nhân là thông tin dưới dạng ký hiệu, chữ viết, chữ số, hình ảnh, âm thanh hoặc dạng tương tự trên môi trường điện tử gắn li với một con người cụ thể hoặc giúp xác định một con người cụ thể. Dữ liệu cá nhân bao gồm dữ liệu cá nhân cơ bản và dữ liệu cá nhân nhạy cảm.",B,"Answer B directly addresses the content of the question, accurately summarizing the definition of personal data as presented in the reference answer, while Answer A is unrelated.",B,"Swapped order; normalized. Answer A accurately summarizes the content of the specified section, while Answer B is irrelevant to the question.",B,317,365
28,"Trong tài liệu Nghi_dinh_so_13.md, đoạn nói về '2 Thông tin giúp xác định một con' trình bày nội dung chính gì?","2. Nghị định này áp dụng đối với: a) Cơ quan, tổ chức, cá nhân Việt Nam; b) Cơ quan, tổ chức, cá nhân nước ngoài tại Việt Nam; c) Cơ quan, tổ chức, cá nhân Việt Nam hoạt động tại nước ngoài; d) Cơ quan, tổ chức, cá nhân nước ngoài trực tiếp tham gia hoặc có liên quan đến hoạt động xử lý dữ liệu cá nhân tại Việt Nam.","Đoạn về ""Thông tin giúp xác định một con người cụ thể"" trong Nghị định nêu rõ rằng đây là thông tin hình thành từ hoạt động của cá nhân, và khi kết hợp với các dữ liệu, thông tin lưu trữ khác, có thể xác định một con người cụ thể.",B,"Answer B accurately addresses the content of the specified section in the document, while Answer A provides unrelated information about the applicability of the decree.",B,"Swapped order; normalized. Answer A accurately summarizes the content of the specified section, while Answer B is irrelevant to the question.",B,317,230
29,"Trong tài liệu Nghi_dinh_so_13.md, đoạn nói về '3 Dữ liệu cá nhân cơ bản bao' trình bày nội dung chính gì?","3. Dữ liệu cá nhân cơ bản bao gồm: a) Họ, chữ đệm và tên khai sinh, tên gọi khác (nếu có); b) Ngày, tháng, năm sinh; ngày, tháng, năm chết hoặc mất tích; c) Giới tính; d) Nơi sinh, nơi đăng ký khai sinh, nơi thường trú, nơi tạm trú, nơi ở hiện tại, quê quán, địa chỉ liên hệ; d) Quốc tịch; e) Hình ảnh của cá nhân; g) Số điện thoại, số chứng minh nhân dân, số định danh cá nhân, số hộ chiếu, số giấy phép lái xe, số biển số xe, số mã số thuế cá nhân, số bảo hiểm xã hội, số thẻ bảo hiểm y tế; h) Tình trạng hôn nhân; i) Thông tin về mối quan hệ gia đình (cha mẹ, con cái); k) Thông tin về tài khoản số của cá nhân; dữ liệu cá nhân phản ánh hoạt động, lịch sử hoạt động trên không gian mạng; l) Các thông tin khác gắn liên với một con người cụ thể hoặc giúp xác định một con người cụ thể không thuộc quy định tại khoản 4 Điều này.","Đoạn về '3 Dữ liệu cá nhân cơ bản' trình bày các loại thông tin được coi là dữ liệu cá nhân cơ bản, bao gồm: họ tên, ngày sinh, giới tính, nơi sinh, quốc tịch, hình ảnh, số điện thoại, số chứng minh nhân dân, tình trạng hôn nhân, thông tin về mối quan hệ gia đình, thông tin tài khoản cá nhân, dữ liệu hoạt động trên không gian mạng, và các thông tin khác giúp xác định một con người cụ thể.",A,"Answer A provides a complete and detailed list of personal data types as specified in the document, while Answer B is less detailed and omits some specific items.",A,"Swapped order; normalized. Answer B provides a complete and detailed list of the personal data types as specified in the reference answer, while Answer A summarizes the information but omits some details.",A,829,391
30,"Trong tài liệu Nghi_dinh_so_13.md, đoạn nói về '4 Dữ liệu cá nhân nhạy cảm là' trình bày nội dung chính gì?","4. Dữ liệu cá nhân nhạy cảm là dữ liệu cá nhân gắn liên với quyền riêng tư của cá nhân mà khi bị xâm phạm sẽ gây ảnh hưởng trực tiếp tới quyền và lợi ích hợp pháp của cá nhân gồm: a) Quan điểm chính trị, quan điểm tôn giáo; b) Tình trạng sức khỏe và đời tư được ghi trong hồ sơ bệnh án, không bao gồm thông tin về nhóm máu;","Đoạn về 'Dữ liệu cá nhân nhạy cảm' trong tài liệu Nghị định số 13 trình bày các loại dữ liệu cá nhân nhạy cảm, bao gồm:

a) Quan điểm chính trị, quan điểm tôn giáo;  
b) Tình trạng sức khỏe và đời tư trong hồ sơ bệnh án (không bao gồm thông tin về nhóm máu);  
c) Thông tin về nguồn gốc chủng tộc, nguồn gốc dân tộc;  
d) Thông tin về đặc điểm di truyền;  
e) Thông tin về thuộc tính vật lý, đặc điểm sinh học;  
f) Thông tin về đời sống tình dục, xu hướng tình dục;  
g) Dữ liệu về tội phạm, hành vi phạm tội.  

Các loại dữ liệu này khi bị xâm phạm sẽ ảnh hưởng trực tiếp tới quyền và lợi ích hợp pháp của cá nhân.",B,"Answer B provides a more comprehensive list of sensitive personal data types, including additional categories not mentioned in Answer A.",B,"Swapped order; normalized. Answer A provides a more comprehensive list of sensitive personal data types, while Answer B is incomplete.",B,323,616
